position,amino_acid,neural_other_probability,neural_alpha_probability,forward_backward_other_probability,forward_backward_alpha_probability,neural_predicted_state,forward_backward_predicted_state
1,G,0.6132599115371704,0.3867400586605072,1.0,0.0,other,other
2,I,0.6165508031845093,0.38344913721084595,0.9423784017562866,0.05762162432074547,other,other
3,V,0.5980441570281982,0.40195584297180176,0.9112346768379211,0.08876530081033707,other,other
4,E,0.5780239105224609,0.4219760298728943,0.878487765789032,0.12151224166154861,other,other
5,Q,0.5969536900520325,0.4030463695526123,0.8827876448631287,0.11721238493919373,other,other
6,C,0.5789319276809692,0.42106810212135315,0.920793890953064,0.07920609414577484,other,other
7,C,0.566601574420929,0.43339839577674866,0.9323341250419617,0.06766587495803833,other,other
8,T,0.5719202756881714,0.4280797243118286,0.9244681596755981,0.07553181797266006,other,other
9,S,0.5522540211677551,0.4477459788322449,0.9068871736526489,0.09311284869909286,other,other
10,I,0.5653201937675476,0.4346798360347748,0.8792664408683777,0.12073354423046112,other,other
11,C,0.5528113842010498,0.4471886456012726,0.8754414916038513,0.12455853074789047,other,other
12,S,0.5551822781562805,0.44481775164604187,0.839028537273407,0.1609714776277542,other,other
13,L,0.5526061058044434,0.44739392399787903,0.7819826602935791,0.2180173695087433,other,other
14,Y,0.5584267377853394,0.4415733218193054,0.758060872554779,0.24193914234638214,other,other
15,Q,0.5421867966651917,0.45781320333480835,0.7148967981338501,0.2851032316684723,other,other
16,L,0.5576057434082031,0.4423942565917969,0.7105222344398499,0.28947779536247253,other,other
17,E,0.549682080745697,0.45031794905662537,0.736017107963562,0.263982892036438,other,other
18,N,0.5390937924385071,0.46090617775917053,0.8122892379760742,0.18771079182624817,other,other
19,Y,0.5400131940841675,0.4599868655204773,0.8494653701782227,0.15053464472293854,other,other
20,C,0.5481049418449402,0.4518950581550598,0.8733319044113159,0.12666811048984528,other,other
21,N,0.5288216471672058,0.4711782932281494,0.8663891553878784,0.13361085951328278,other,other
